0,Company0,275-472-4387,manager@Company0.com
1,Company1,481-915-3614,manager@Company1.com
2,Company2,671-147-8690,manager@Company2.com
3,Company3,123-168-4478,manager@Company3.com
4,Company4,235-460-4875,manager@Company4.com
5,Company5,629-756-5273,manager@Company5.com
6,Company6,195-324-9110,manager@Company6.com
7,Company7,449-864-1685,manager@Company7.com
8,Company8,673-408-2346,manager@Company8.com
9,Company9,694-180-7136,manager@Company9.com
10,Company10,165-695-1897,manager@Company10.com
11,Company11,840-644-8090,manager@Company11.com
12,Company12,610-122-6854,manager@Company12.com
13,Company13,651-952-4981,manager@Company13.com
14,Company14,913-911-2673,manager@Company14.com
15,Company15,251-342-9821,manager@Company15.com
16,Company16,767-979-5379,manager@Company16.com
17,Company17,131-467-4983,manager@Company17.com
18,Company18,574-687-5281,manager@Company18.com
19,Company19,322-533-2839,manager@Company19.com
20,Company20,556-313-1430,manager@Company20.com
21,Company21,731-217-3807,manager@Company21.com
22,Company22,568-964-7102,manager@Company22.com
23,Company23,252-611-4884,manager@Company23.com
24,Company24,189-222-3226,manager@Company24.com
25,Company25,860-737-8000,manager@Company25.com
26,Company26,988-359-1673,manager@Company26.com
27,Company27,600-732-5747,manager@Company27.com
28,Company28,745-295-9163,manager@Company28.com
29,Company29,197-212-4258,manager@Company29.com
30,Company30,280-763-5376,manager@Company30.com
31,Company31,731-858-8672,manager@Company31.com
32,Company32,600-450-6780,manager@Company32.com
33,Company33,546-439-8150,manager@Company33.com
34,Company34,827-577-2751,manager@Company34.com
35,Company35,856-238-2665,manager@Company35.com
36,Company36,396-102-3566,manager@Company36.com
37,Company37,528-332-1366,manager@Company37.com
38,Company38,756-590-2213,manager@Company38.com
39,Company39,465-775-8302,manager@Company39.com
40,Company40,740-160-4252,manager@Company40.com
41,Company41,218-667-9335,manager@Company41.com
42,Company42,885-874-1510,manager@Company42.com
43,Company43,866-494-6456,manager@Company43.com
44,Company44,242-769-4615,manager@Company44.com
45,Company45,294-426-5920,manager@Company45.com
46,Company46,499-404-6204,manager@Company46.com
47,Company47,662-424-8523,manager@Company47.com
48,Company48,114-443-9011,manager@Company48.com
49,Company49,676-221-1504,manager@Company49.com
50,Company50,641-563-7555,manager@Company50.com
51,Company51,881-235-5921,manager@Company51.com
52,Company52,542-727-2955,manager@Company52.com
53,Company53,226-555-8770,manager@Company53.com
54,Company54,247-472-7581,manager@Company54.com
55,Company55,289-597-1707,manager@Company55.com
56,Company56,248-612-1069,manager@Company56.com
57,Company57,576-835-3259,manager@Company57.com
58,Company58,910-581-9366,manager@Company58.com
59,Company59,458-234-7745,manager@Company59.com
60,Company60,328-129-9871,manager@Company60.com
61,Company61,102-596-1969,manager@Company61.com
62,Company62,555-680-8293,manager@Company62.com
63,Company63,641-956-7829,manager@Company63.com
64,Company64,310-200-8917,manager@Company64.com
65,Company65,204-913-7192,manager@Company65.com
66,Company66,964-642-9885,manager@Company66.com
67,Company67,636-186-3358,manager@Company67.com
68,Company68,993-117-4854,manager@Company68.com
69,Company69,885-137-9165,manager@Company69.com
70,Company70,457-767-2531,manager@Company70.com
71,Company71,467-184-2018,manager@Company71.com
72,Company72,863-225-7405,manager@Company72.com
73,Company73,901-251-7027,manager@Company73.com
74,Company74,239-559-6902,manager@Company74.com
75,Company75,676-606-3621,manager@Company75.com
76,Company76,781-992-8853,manager@Company76.com
77,Company77,808-827-9272,manager@Company77.com
78,Company78,270-923-4307,manager@Company78.com
79,Company79,714-778-1242,manager@Company79.com
80,Company80,814-648-6029,manager@Company80.com
81,Company81,893-597-4399,manager@Company81.com
82,Company82,645-649-9803,manager@Company82.com
83,Company83,840-464-7314,manager@Company83.com
84,Company84,841-587-7522,manager@Company84.com
85,Company85,129-633-8460,manager@Company85.com
86,Company86,548-278-6715,manager@Company86.com
87,Company87,564-191-2254,manager@Company87.com
88,Company88,252-442-8276,manager@Company88.com
89,Company89,618-258-1748,manager@Company89.com
90,Company90,147-624-9943,manager@Company90.com
91,Company91,341-176-2919,manager@Company91.com
92,Company92,646-728-5662,manager@Company92.com
93,Company93,828-487-1589,manager@Company93.com
94,Company94,227-911-3173,manager@Company94.com
95,Company95,821-199-8335,manager@Company95.com
96,Company96,365-609-6546,manager@Company96.com
97,Company97,436-695-8866,manager@Company97.com
98,Company98,966-231-1839,manager@Company98.com
99,Company99,395-169-6818,manager@Company99.com
100,Company100,130-338-7151,manager@Company100.com
101,Company101,552-600-7769,manager@Company101.com
102,Company102,719-527-1217,manager@Company102.com
103,Company103,617-189-1618,manager@Company103.com
104,Company104,557-446-1615,manager@Company104.com
105,Company105,624-490-9477,manager@Company105.com
106,Company106,499-278-7188,manager@Company106.com
107,Company107,120-438-8187,manager@Company107.com
108,Company108,251-989-8761,manager@Company108.com
109,Company109,603-738-2149,manager@Company109.com
110,Company110,586-856-2037,manager@Company110.com
111,Company111,962-371-5704,manager@Company111.com
112,Company112,991-849-7423,manager@Company112.com
113,Company113,776-546-9397,manager@Company113.com
114,Company114,836-327-7172,manager@Company114.com
115,Company115,337-671-3466,manager@Company115.com
116,Company116,560-128-4635,manager@Company116.com
117,Company117,427-497-7602,manager@Company117.com
118,Company118,813-138-5698,manager@Company118.com
119,Company119,955-976-7785,manager@Company119.com
120,Company120,137-284-3815,manager@Company120.com
121,Company121,173-341-3699,manager@Company121.com
122,Company122,953-440-8195,manager@Company122.com
123,Company123,695-338-9468,manager@Company123.com
124,Company124,220-671-9074,manager@Company124.com
125,Company125,402-505-5787,manager@Company125.com
126,Company126,646-913-1254,manager@Company126.com
127,Company127,309-468-8941,manager@Company127.com
128,Company128,543-202-1705,manager@Company128.com
129,Company129,557-570-4611,manager@Company129.com
130,Company130,990-212-4683,manager@Company130.com
131,Company131,737-272-4948,manager@Company131.com
132,Company132,426-186-5665,manager@Company132.com
133,Company133,630-886-1843,manager@Company133.com
134,Company134,685-772-9116,manager@Company134.com
135,Company135,706-598-3243,manager@Company135.com
136,Company136,781-626-2987,manager@Company136.com
137,Company137,208-966-8195,manager@Company137.com
138,Company138,269-716-8315,manager@Company138.com
139,Company139,695-717-5843,manager@Company139.com
140,Company140,555-275-9547,manager@Company140.com
141,Company141,535-713-9654,manager@Company141.com
142,Company142,720-775-6348,manager@Company142.com
143,Company143,768-215-1358,manager@Company143.com
144,Company144,734-517-4468,manager@Company144.com
145,Company145,660-794-4957,manager@Company145.com
146,Company146,847-384-7663,manager@Company146.com
147,Company147,662-828-6128,manager@Company147.com
148,Company148,688-458-4682,manager@Company148.com
149,Company149,105-169-9905,manager@Company149.com
150,Company150,510-453-3560,manager@Company150.com
151,Company151,209-495-9413,manager@Company151.com
152,Company152,186-874-2841,manager@Company152.com
153,Company153,741-263-3834,manager@Company153.com
154,Company154,443-246-8324,manager@Company154.com
155,Company155,436-431-4305,manager@Company155.com
156,Company156,526-860-7462,manager@Company156.com
157,Company157,182-158-2711,manager@Company157.com
158,Company158,990-884-4291,manager@Company158.com
159,Company159,894-607-5726,manager@Company159.com
160,Company160,720-130-5371,manager@Company160.com
161,Company161,741-529-2234,manager@Company161.com
162,Company162,307-341-1423,manager@Company162.com
163,Company163,223-607-6602,manager@Company163.com
164,Company164,398-397-3624,manager@Company164.com
165,Company165,249-856-3505,manager@Company165.com
166,Company166,385-273-5436,manager@Company166.com
167,Company167,170-326-1691,manager@Company167.com
168,Company168,868-337-1286,manager@Company168.com
169,Company169,224-180-4319,manager@Company169.com
170,Company170,656-300-8630,manager@Company170.com
171,Company171,918-216-2408,manager@Company171.com
172,Company172,300-129-2970,manager@Company172.com
173,Company173,318-192-3296,manager@Company173.com
174,Company174,123-567-7147,manager@Company174.com
175,Company175,516-798-6770,manager@Company175.com
176,Company176,460-457-6515,manager@Company176.com
177,Company177,418-222-4281,manager@Company177.com
178,Company178,392-165-1740,manager@Company178.com
179,Company179,972-126-3969,manager@Company179.com
180,Company180,716-180-9864,manager@Company180.com
181,Company181,705-660-1628,manager@Company181.com
182,Company182,775-737-1379,manager@Company182.com
183,Company183,331-690-2369,manager@Company183.com
184,Company184,760-654-1957,manager@Company184.com
185,Company185,827-765-4184,manager@Company185.com
186,Company186,639-844-6843,manager@Company186.com
187,Company187,876-655-8224,manager@Company187.com
188,Company188,912-977-1378,manager@Company188.com
189,Company189,834-560-9192,manager@Company189.com
190,Company190,187-462-5475,manager@Company190.com
191,Company191,252-931-4906,manager@Company191.com
192,Company192,499-204-6544,manager@Company192.com
193,Company193,938-196-3901,manager@Company193.com
194,Company194,487-235-8541,manager@Company194.com
195,Company195,247-902-3293,manager@Company195.com
196,Company196,277-315-4296,manager@Company196.com
197,Company197,722-852-2304,manager@Company197.com
198,Company198,293-656-3349,manager@Company198.com
199,Company199,973-886-6272,manager@Company199.com
